school,test_optional,for_class_year,n_applicants,acceptance_rate,sat_25th,sat_75th,sat_median
Stanford University,Yes,2021,47452,0.043,1440.0,1570.0,1505.0
Harvard College,Yes,2021,42749,0.047,1460.0,1580.0,1520.0
Princeton University,Yes,2021,35370,0.055,1440.0,1570.0,1505.0
Columbia University,Yes,2021,40203,0.055,1450.0,1560.0,1505.0
Yale University,Yes,2021,36844,0.061,1460.0,1570.0,1515.0
California Institute of Technology,Yes (TB),2021 2022,8367,0.064,1530.0,1560.0,1545.0
Massachusetts Institute of Technology,Yes,2021,21706,0.067,1500.0,1570.0,1535.0
Brown University,Yes,2021,38674,0.071,1440.0,1570.0,1505.0
University of Chicago,Yes,All / Permanent Policy,32283,0.073,1490.0,1570.0,1530.0
Pomona College,Yes,2021,10401,0.07400000000000001,1390.0,1540.0,1465.0
University of Pennsylvania,Yes,2021,44961,0.077,1450.0,1560.0,1505.0
Dartmouth College,Yes,2021,23650,0.079,1440.0,1560.0,1500.0
Bowdoin College,Yes,All / Permanent Policy,9332,0.08800000000000001,1330.0,1520.0,1425.0
Duke University,Yes,2021,35767,0.08900000000000001,1450.0,1570.0,1510.0
Swarthmore College,Yes,2021 2022,11442,0.08900000000000001,1380.0,1540.0,1460.0
Northwestern University,Yes,2021,40585,0.091,1440.0,1550.0,1495.0
Vanderbilt University,Yes,2021,37310,0.091,1460.0,1560.0,1510.0
Claremont McKenna College,Yes,2021,6066,0.10300000000000001,1360.0,1510.0,1435.0
Johns Hopkins University,Yes,2021,29129,0.106,1470.0,1560.0,1515.0
Cornell University,Yes,2021,49114,0.109,1400.0,1560.0,1480.0
Rice University,Yes,2021,20923,0.111,1450.0,1560.0,1505.0
Amherst College,Yes,2021,10569,0.113,1410.0,1550.0,1480.0
Barnard College,Yes,2021,9320,0.11800000000000001,1340.0,1520.0,1430.0
Bates College,Yes,All / Permanent Policy,8222,0.121,1270.0,1480.0,1375.0
University of California—​Los Angeles,Yes,2021 2022 2023 2024,111322,0.12300000000000001,1290.0,1510.0,1400.0
Tulane University,Yes,2021,42185,0.129,1360.0,1520.0,1440.0
University of Southern California,Yes,2021,64352,0.13,1350.0,1530.0,1440.0
Williams College,Yes,2021,9560,0.13,1410.0,1550.0,1480.0
Colby College,Yes,All / Permanent Policy,12313,0.13,1350.0,1510.0,1430.0
Pitzer College,Yes,All / Permanent Policy,4358,0.133,1340.0,1490.0,1415.0
Colorado College,Yes,All / Permanent Policy,9456,0.135,1300.0,1480.0,1390.0
Harvey Mudd College,Yes,2021,4045,0.13699999999999998,1490.0,1570.0,1530.0
Georgetown University,Yes,2021,22872,0.145,1370.0,1530.0,1450.0
University of California—​Berkeley,Yes (TB),2021 2022 2023 2024,89621,0.14800000000000002,1300.0,1530.0,1415.0
Tufts University,Yes,2021 2022 2023,22766,0.15,1390.0,1540.0,1465.0
Washington University in St. Louis,Yes,2021,31320,0.15,1470.0,1570.0,1520.0
Middlebury College,Yes,2021 2022 2023,9754,0.154,1360.0,1530.0,1445.0
Carnegie Mellon University,Yes,2021,27634,0.154,1460.0,1560.0,1510.0
University of Notre Dame,Yes,2021,22200,0.158,1400.0,1550.0,1475.0
The Cooper Union,Yes,2021 2022,2447,0.16,1283.0,1510.0,1396.5
New York University,Yes,2021,79462,0.162,1370.0,1510.0,1440.0
Haverford College,Yes,2021 2022 2023,4963,0.163,1380.0,1540.0,1460.0
Wesleyan University,Yes,All / Permanent Policy,13264,0.165,1320.0,1510.0,1415.0
Hamilton College,Yes,2021,8279,0.165,1370.0,1520.0,1445.0
Northeastern University,Yes,2021,62263,0.18100000000000002,1390.0,1540.0,1465.0
Davidson College,Yes,2021 2022 2023,5982,0.18100000000000002,1310.0,1485.0,1397.5
Emory University,Yes,2021,27559,0.185,1350.0,1520.0,1435.0
Carleton College,Yes,2021,7382,0.19,1360.0,1540.0,1450.0
Georgia Institute of Technology,Yes,2021,36856,0.20600000000000002,1300.0,1510.0,1405.0
Washington and Lee University,Yes,2021,5855,0.212,1348.0,1490.0,1419.0
Wellesley College,Yes,2021,6395,0.21600000000000003,1360.0,1530.0,1445.0
Boston University,Yes,2021,64481,0.22100000000000003,1330.0,1500.0,1415.0
Colgate University,Yes,2021,9951,0.226,1330.0,1500.0,1415.0
University of North Carolina—​Chapel Hill,Yes,2021,42466,0.226,1300.0,1490.0,1395.0
University of Michigan—​Ann Arbor,Yes,2021,64972,0.22899999999999998,1340.0,1530.0,1435.0
Vassar College,Yes,2021,8961,0.237,1370.0,1530.0,1450.0
Rhode Island School of Design,Yes,All / Permanent Policy,3913,0.239,1180.0,1440.0,1310.0
University of Virginia,Yes,2021,40839,0.239,1340.0,1500.0,1420.0
Grinnell College,Yes,2021,7349,0.244,1370.0,1530.0,1450.0
Babson College,Yes,2021,6362,0.24,1270.0,1450.0,1360.0
University of California—​Irvine,Yes (TB),2021 2022 2023 2024,95568,0.265,1180.0,1440.0,1310.0
University of Miami,Yes,2021,38919,0.271,1280.0,1420.0,1350.0
Boston College,Yes,2021,35552,0.272,1370.0,1490.0,1430.0
Villanova University,Yes,2021,22909,0.282,1320.0,1470.0,1395.0
University of Richmond,Yes,2021,12356,0.28300000000000003,1290.0,1460.0,1375.0
California State Polytechnic University—​San Luis Obispo,Yes (TB),2021,54072,0.284,1250.0,1420.0,1335.0
Trinity University,Yes,2021 2022 2023,9864,0.28800000000000003,1290.0,1450.0,1370.0
Case Western Reserve University,Yes,2021,26642,0.29300000000000004,1350.0,1520.0,1435.0
University of Rochester,Yes,All / Permanent Policy,20216,0.295,1300.0,1500.0,1400.0
University of California—​Santa Barbara,Yes,2021 2022 2023 2024,93457,0.29600000000000004,1260.0,1460.0,1360.0
Wake Forest University,Yes,All / Permanent Policy,12559,0.29600000000000004,1320.0,1490.0,1405.0
Skidmore College,Yes,All / Permanent Policy,11102,0.3,1220.0,1400.0,1310.0
University of California—​San Diego,Yes,2021 2022 2023 2024,97901,0.302,1250.0,1470.0,1360.0
Franklin and Marshall College,Yes,All / Permanent Policy,9502,0.304,1250.0,1460.0,1355.0
Brandeis University,Yes,All / Permanent Policy,11798,0.311,1280.0,1500.0,1390.0
Lafayette College,Yes,2021,8521,0.315,1250.0,1440.0,1345.0
American University,Yes,All / Permanent Policy,18984,0.315,1220.0,1380.0,1300.0
University of Texas—​Austin,Yes,2021,53525,0.318,1240.0,1470.0,1355.0
Scripps College,Yes,All / Permanent Policy,3022,0.32,1333.0,1490.0,1411.5
Lehigh University,Yes,2021,15649,0.321,1280.0,1450.0,1365.0
Macalester College,Yes,All / Permanent Policy,6598,0.32299999999999995,1320.0,1510.0,1415.0
Smith College,Yes,All / Permanent Policy,5597,0.325,1340.0,1520.0,1430.0
Bryn Mawr College,Yes,All / Permanent Policy,3332,0.331,1290.0,1510.0,1400.0
Trinity College (Hartford),Yes,All / Permanent Policy,6096,0.335,1300.0,1460.0,1380.0
Denison University,Yes,All / Permanent Policy,8042,0.33899999999999997,1210.0,1380.0,1295.0
San Diego State University,Yes (TB),2021,69842,0.34,1110.0,1320.0,1215.0
Kenyon College,Yes,2021,6662,0.341,1270.0,1460.0,1365.0
College of the Holy Cross,Yes,All / Permanent Policy,7200,0.342,1260.0,1430.0,1345.0
Bucknell University,Yes,2021 2022 2023 2024 2025,9845,0.342,1255.0,1430.0,1342.5
Emerson College,Yes,All / Permanent Policy,12941,0.35600000000000004,1200.0,1390.0,1295.0
Pepperdine University,Yes,2021,11265,0.35700000000000004,1220.0,1420.0,1320.0
Hampton University,Yes*,All / Permanent Policy,13028,0.36,1040.0,1310.0,1175.0
Oberlin College,Yes,2021 2022 2023,7708,0.364,1280.0,1480.0,1380.0
CUNY--Hunter,Yes (TB),2021,31030,0.364,1090.0,1260.0,1175.0
Occidental College,Yes,2021,7501,0.36700000000000005,1300.0,1480.0,1390.0
Connecticut College,Yes,All / Permanent Policy,6784,0.374,1310.0,1450.0,1380.0
College of William and Mary,Yes,2021 2022 2023,14680,0.37700000000000006,1320.0,1510.0,1415.0
Mount Holyoke College,Yes,All / Permanent Policy,3908,0.38200000000000006,1270.0,1490.0,1380.0
Berea College,Yes,2021,1576,0.38200000000000006,1030.0,1213.0,1121.5
Pratt Institute,Yes,2021,7941,0.385,1100.0,1320.0,1210.0
Soka University of America,Yes,2021,464,0.38799999999999996,1180.0,1410.0,1295.0
California State University--Los Angeles,Yes (TB),2021,39854,0.39,890.0,1080.0,985.0
California State University--Long Beach,Yes (TB),2021,71297,0.39299999999999996,1040.0,1250.0,1145.0
Reed College,Yes (TB),2021 2022,5815,0.395,1325.0,1520.0,1422.5
Binghamton University—​SUNY,Yes,2021,38755,0.39799999999999996,1310.0,1440.0,1375.0
Dickinson College,Yes,All / Permanent Policy,6426,0.401,1240.0,1410.0,1325.0
University of Tulsa,Yes,2021,8526,0.408,1180.0,1410.0,1295.0
George Washington University,Yes,All / Permanent Policy,26968,0.409,1280.0,1470.0,1375.0
University of California—​Davis,Yes,2021 2022 2023 2024,76647,0.41200000000000003,1150.0,1410.0,1280.0
Stevens Institute of Technology,Yes,2021,9265,0.414,1330.0,1480.0,1405.0
St. Lawrence University,Yes,All / Permanent Policy,6998,0.424,1160.0,1350.0,1255.0
Union College (Schenectady NY),Yes,All / Permanent Policy,6086,0.429,1220.0,1420.0,1320.0
Rensselaer Polytechnic Institute,Yes,2021,20402,0.43,1330.0,1500.0,1415.0
Bentley University,Yes,2021,9252,0.43200000000000005,1240.0,1410.0,1325.0
CUNY--Baruch College,Yes (TB),2021,20303,0.434,1130.0,1330.0,1230.0
Spelman College,Yes,2021,9106,0.434,1080.0,1230.0,1155.0
Loyola Marymount University,Yes,2021,18592,0.438,1230.0,1410.0,1320.0
University of Maryland—​College Park,Yes,2021,32987,0.441,1280.0,1480.0,1380.0
Stony Brook University—​SUNY,Yes,2021,37079,0.441,1230.0,1440.0,1335.0
Rhodes College,Yes,2021 2022 2023,5207,0.44700000000000006,1220.0,1430.0,1325.0
North Carolina State University—​Raleigh,Yes,2021,30995,0.449,1250.0,1390.0,1320.0
Baylor University,Yes,2021,34582,0.45299999999999996,1200.0,1380.0,1290.0
University of Dallas,Yes,2021,4676,0.45299999999999996,1150.0,1360.0,1255.0
Gettysburg College,Yes,All / Permanent Policy,6269,0.454,1270.0,1420.0,1345.0
Fordham University,Yes,2021 2022,46308,0.46,1250.0,1430.0,1340.0
Texas Christian University,Yes,2021,19028,0.47100000000000003,1150.0,1350.0,1250.0
Southern Methodist University,Yes,2021,13959,0.473,1300.0,1480.0,1390.0
Providence College,Yes,All / Permanent Policy,11478,0.47500000000000003,1210.0,1350.0,1280.0
St. Olaf College,Yes,All / Permanent Policy,5694,0.47500000000000003,1190.0,1430.0,1310.0
University of New Mexico,Yes,All / Permanent Policy,12281,0.48600000000000004,1040.0,1270.0,1155.0
University of Georgia,Yes,2021,26027,0.48600000000000004,1240.0,1410.0,1325.0
University of San Diego,Yes,All / Permanent Policy,13755,0.48700000000000004,1200.0,1350.0,1275.0
University of Connecticut,Yes,2021 2022 2023,34886,0.488,1210.0,1420.0,1315.0
Santa Clara University,Yes,2021 2022,16300,0.488,1280.0,1440.0,1360.0
Southwestern University,Yes,All / Permanent Policy,4766,0.49,1140.0,1320.0,1230.0
Pennsylvania State University—​University Park,Yes,2021,71903,0.49100000000000005,1160.0,1370.0,1265.0
Marist College,Yes,All / Permanent Policy,11260,0.49200000000000005,1210.0,1360.0,1285.0
The College of New Jersey,Yes,2021 2022 2023,13824,0.493,1160.0,1360.0,1260.0
Worcester Polytechnic Institute,Yes,All / Permanent Policy,10645,0.494,1310.0,1470.0,1390.0
Syracuse University,Yes,2021,34981,0.499,1180.0,1370.0,1275.0
University of La Verne,Yes,All / Permanent Policy,7276,0.509,1020.0,1205.0,1112.5
Clemson University,Yes,2021,29070,0.513,1230.0,1400.0,1315.0
Austin College,Yes,All / Permanent Policy,4360,0.513,1110.0,1290.0,1200.0
University of California—​Santa Cruz,Yes (TB),2021 2022 2023 2024,55906,0.515,1200.0,1360.0,1280.0
University of Washington--Seattle,Yes,All / Permanent Policy,45579,0.518,1240.0,1440.0,1340.0
California State University--Fullerton,Yes (TB),2021,50105,0.527,1030.0,1200.0,1115.0
University of Wisconsin—​Madison,Yes,2021 2022,43921,0.53,1330.0,1450.0,1390.0
Colorado School of Mines,Yes,2021,11756,0.531,1260.0,1460.0,1360.0
Chapman University,Yes,All / Permanent Policy,14198,0.536,1190.0,1370.0,1280.0
Ohio State University—​Columbus,Yes,2021,47703,0.537,1250.0,1460.0,1355.0
Texas Lutheran University,Yes,2021,2198,0.543,990.0,1160.0,1075.0
University at Albany—​SUNY,Yes,2021,27529,0.543,1090.0,1250.0,1170.0
Georgia Southern,Yes,2021,13858,0.545,1050.0,1200.0,1125.0
College of Wooster,Yes,All / Permanent Policy,6352,0.547,1150.0,1380.0,1265.0
San Jose State University,Yes (TB),2021,36243,0.547,1040.0,1260.0,1150.0
California State Polytechnic University--Pomona,Yes (TB),2021,36660,0.555,1030.0,1250.0,1140.0
Whitman College,Yes,All / Permanent Policy,4832,0.5579999999999999,1240.0,1450.0,1345.0
Sarah Lawrence College,Yes,All / Permanent Policy,3325,0.5579999999999999,1240.0,1420.0,1330.0
New School,Yes,All / Permanent Policy,9911,0.5660000000000001,1150.0,1360.0,1255.0
University of Pittsburgh,Yes,2021,32091,0.5670000000000001,1260.0,1440.0,1350.0
University of California Riverside,Yes,2021 2022 2023 2024,49788,0.5670000000000001,1130.0,1340.0,1235.0
University of Minnesota—​Twin Cities,Yes,2021,40673,0.5670000000000001,1260.0,1480.0,1370.0
Hobart and William Smith Colleges,Yes,All / Permanent Policy,4526,0.569,1203.0,1360.0,1281.5
Abilene Christian University,Yes,2021,11569,0.5700000000000001,1040.0,1230.0,1135.0
Bennington College,Yes,All / Permanent Policy,1494,0.5700000000000001,1230.0,1390.0,1310.0
Birmingham-​Southern College,Yes,All / Permanent Policy,3628,0.5700000000000001,1040.0,1250.0,1145.0
Fairfield University,Yes,All / Permanent Policy,12315,0.5710000000000001,1210.0,1350.0,1280.0
Georgia State,Yes,2021,19838,0.574,990.0,1190.0,1090.0
Texas A&M University—​College Station,Yes,2021,42899,0.5750000000000001,1160.0,1390.0,1275.0
Saint Louis University,Yes,2021,15120,0.5750000000000001,1180.0,1370.0,1275.0
St. John's College Annapolis,Yes,All / Permanent Policy,913,0.5760000000000001,1210.0,1450.0,1330.0
Lake Forest College,Yes,All / Permanent Policy,4147,0.579,1110.0,1310.0,1210.0
Kennesaw State University,Yes,2021,13427,0.579,1080.0,1270.0,1175.0
California State University--Fresno,Yes (TB),2021,18122,0.579,950.0,1130.0,1040.0
Rollins College,Yes,All / Permanent Policy,6167,0.583,1160.0,1340.0,1250.0
University of Hawaii at Manoa,Yes,2021,16244,0.584,1070.0,1270.0,1170.0
University of Denver,Yes,All / Permanent Policy,21028,0.5870000000000001,1170.0,1350.0,1260.0
Hampden-​Sydney College,Yes,2021,3240,0.59,1050.0,1250.0,1150.0
University of Illinois—​Urbana-​Champaign,Yes,2021,43509,0.59,1220.0,1480.0,1350.0
Millsaps College,Yes,2021,4161,0.593,1080.0,1260.0,1170.0
California State University--Northridge,Yes (TB),2021,30637,0.593,910.0,1130.0,1020.0
Clark University,Yes,All / Permanent Policy,7687,0.594,1200.0,1390.0,1295.0
Lipscomb University,Yes,2021,3638,0.595,1060.0,1320.0,1190.0
Virginia Military Institute,Yes,2021,1515,0.595,1090.0,1270.0,1180.0
Purdue University—​West Lafayette,Yes (TF),2021,54912,0.598,1190.0,1440.0,1315.0
Temple University,Yes,All / Permanent Policy,35599,0.6,1120.0,1320.0,1220.0
Rutgers The State University of New Jersey—​New Brunswick,Yes,2021,41348,0.601,1190.0,1410.0,1300.0
Illinois Institute of Technology,Yes,2021,5049,0.6020000000000001,1190.0,1400.0,1295.0
Yeshiva University,Yes,2021,1508,0.603,1140.0,1400.0,1270.0
Illinois Wesleyan University,Yes,2021,3719,0.608,1120.0,1320.0,1220.0
Furman University,Yes,All / Permanent Policy,5469,0.611,1230.0,1410.0,1320.0
University at Buffalo—​SUNY,Yes,2021,29900,0.611,1160.0,1340.0,1250.0
Concordia College—​Moorhead,Yes,All / Permanent Policy,4160,0.612,1080.0,1368.0,1224.0
SUNY College of Environmental Science and Forestry,Yes,2021,2018,0.614,1120.0,1310.0,1215.0
University of Portland,Yes,2021,14505,0.615,1160.0,1330.0,1245.0
Cornell College,Yes,All / Permanent Policy,3118,0.618,1100.0,1345.0,1222.5
Muhlenberg College,Yes,All / Permanent Policy,4146,0.618,1170.0,1360.0,1265.0
Gonzaga University,Yes,2021,9279,0.619,1210.0,1358.0,1284.0
Beloit College,Yes,All / Permanent Policy,3657,0.62,1080.0,1380.0,1230.0
Lawrence University,Yes,All / Permanent Policy,3463,0.621,1200.0,1430.0,1315.0
University of Utah,Yes,2021 2022 2023,24404,0.621,1142.5,1380.0,1261.25
Allegheny College,Yes,All / Permanent Policy,5208,0.622,1170.0,1360.0,1265.0
University of Delaware,Yes,2021,27691,0.624,1170.0,1350.0,1260.0
Westmont College,Yes,2021,2937,0.624,1110.0,1370.0,1240.0
Luther College,Yes,2021,4422,0.626,1050.0,1310.0,1180.0
Rutgers The State University of New Jersey—​Newark,Yes,2021,13259,0.627,1020.0,1190.0,1105.0
Earlham College,Yes,All / Permanent Policy,2070,0.634,1100.0,1370.0,1235.0
Augustana College,Yes,All / Permanent Policy,6211,0.636,1070.0,1280.0,1175.0
Wofford College,Yes,All / Permanent Policy,3522,0.636,1180.0,1350.0,1265.0
New Jersey Institute of Technology,Yes,2021,8123,0.637,1190.0,1380.0,1285.0
University of Massachusetts—​Amherst,Yes,2021 2022 2023,42157,0.638,1190.0,1390.0,1290.0
Wabash College,Yes,2021,1307,0.642,1120.0,1320.0,1220.0
DePauw University,Yes,All / Permanent Policy,4935,0.644,1130.0,1360.0,1245.0
Drury University,Yes,All / Permanent Policy,1664,0.644,1045.0,1225.0,1135.0
St. John Fisher College,Yes,2021 2022,4720,0.645,1070.0,1260.0,1165.0
University of San Francisco,Yes,All / Permanent Policy,18411,0.6459999999999999,1130.0,1330.0,1230.0
Bard College,Yes,All / Permanent Policy,5141,0.6459999999999999,1248.0,1420.0,1334.0
Goshen College,Yes,2021,1278,0.647,1010.0,1210.0,1110.0
Agnes Scott College,Yes,All / Permanent Policy,1751,0.648,1130.0,1340.0,1235.0
Virginia Polytechnic Institute and State University,Yes,2021,31936,0.648,1180.0,1390.0,1285.0
University of Houston,Yes,2021,25393,0.65,1140.0,1310.0,1225.0
University of North Carolina—​Charlotte,Yes,2021,21867,0.65,1120.0,1290.0,1205.0
Truman State University,Yes (TF),2021,4568,0.653,1080.0,1358.0,1219.0
University of North Carolina—​Wilmington,Yes,2021,13287,0.655,1170.0,1320.0,1245.0
SUNY—​Geneseo,Yes,2021,10433,0.655,1120.0,1310.0,1215.0
Embry-​Riddle Aeronautical University,Yes,All / Permanent Policy,6017,0.655,1110.0,1320.0,1215.0
University of the Pacific,Yes,All / Permanent Policy,13096,0.6559999999999999,1130.0,1360.0,1245.0
Rochester Institute of Technology,Yes,All / Permanent Policy,18948,0.66,1200.0,1400.0,1300.0
Berry College,Yes,All / Permanent Policy,3970,0.6609999999999999,1110.0,1310.0,1210.0
Mississippi State University,Yes,2021,18269,0.663,1070.0,1280.0,1175.0
Sewanee—​University of the South,Yes,All / Permanent Policy,3545,0.667,1150.0,1340.0,1245.0
Hanover College,Yes,All / Permanent Policy,7795,0.669,1078.0,1300.0,1189.0
Coe College,Yes*,All / Permanent Policy,7795,0.669,1078.0,1300.0,1189.0
Randolph-​Macon College,Yes,2021,2907,0.6709999999999999,1020.0,1240.0,1130.0
Loyola University Chicago,Yes,All / Permanent Policy,25583,0.672,1140.0,1320.0,1230.0
University of Vermont,Yes,2021,19233,0.6729999999999999,1180.0,1360.0,1270.0
San Francisco State University,Yes (TB),2021,34629,0.6729999999999999,940.0,1150.0,1045.0
Brigham Young University—​Provo,Yes,2021,10500,0.675,1210.0,1420.0,1315.0
Drake University,Yes,All / Permanent Policy,6944,0.6759999999999999,1100.0,1370.0,1235.0
Stonehill College,Yes,All / Permanent Policy,6961,0.677,1120.0,1290.0,1205.0
Elmhurst College,Yes,2021,4175,0.6779999999999999,990.0,1210.0,1100.0
Taylor University,Yes,All / Permanent Policy,2341,0.6809999999999999,1080.0,1310.0,1195.0
DePaul University,Yes,All / Permanent Policy,26895,0.682,1070.0,1290.0,1180.0
Knox College,Yes,All / Permanent Policy,3397,0.6829999999999999,1090.0,1350.0,1220.0
Hofstra University,Yes,All / Permanent Policy,24425,0.685,1160.0,1340.0,1250.0
Ithaca College,Yes,All / Permanent Policy,15278,0.685,1160.0,1338.0,1249.0
California State University--San Bernardino,Yes (TB),2021,16307,0.6859999999999999,910.0,1090.0,1000.0
University of South Carolina,Yes,2021,31268,0.6859999999999999,1180.0,1370.0,1275.0
Albion College,Yes,2021,4043,0.688,990.0,1200.0,1095.0
Presbyterian College (SC),Yes,All / Permanent Policy,2462,0.688,1010.0,1210.0,1110.0
Texas Tech University,Yes,2021,25384,0.6890000000000001,1070.0,1260.0,1165.0
Ohio Wesleyan University,Yes,All / Permanent Policy,4705,0.6900000000000001,1060.0,1295.0,1177.5
Ripon College,Yes,All / Permanent Policy,2619,0.6900000000000001,1000.0,1210.0,1105.0
Drew University,Yes,All / Permanent Policy,3788,0.6920000000000001,1110.0,1310.0,1210.0
Central Michigan,Yes,2021,16411,0.6950000000000001,990.0,1200.0,1095.0
Oklahoma State University,Yes,2021,15277,0.7000000000000001,1040.0,1265.0,1152.5
Bradley University,Yes,All / Permanent Policy,10708,0.7020000000000001,1070.0,1270.0,1170.0
Seton Hall University,Yes,2021,19260,0.7040000000000001,1150.0,1310.0,1230.0
Biola University,Yes,2021,4149,0.705,1080.0,1310.0,1195.0
Ursinus College,Yes,All / Permanent Policy,3361,0.7090000000000001,1140.0,1320.0,1230.0
Montclair State,Yes,All / Permanent Policy,14324,0.7090000000000001,990.0,1170.0,1080.0
Clarkson University,Yes,2021,6885,0.711,1160.0,1350.0,1255.0
Michigan State University,Yes,2021,44322,0.711,1100.0,1320.0,1210.0
Hollins University,Yes,2021,3244,0.7120000000000001,1070.0,1300.0,1185.0
Creighton University,Yes,All / Permanent Policy,10112,0.7140000000000001,1150.0,1350.0,1250.0
California Lutheran University,Yes,All / Permanent Policy,5752,0.715,1070.0,1250.0,1160.0
University of Mary Washington,Yes,All / Permanent Policy,5909,0.718,1050.0,1269.0,1159.5
Christopher Newport University,Yes*,All / Permanent Policy,7204,0.7190000000000001,1110.0,1280.0,1195.0
University of California—Merced,Yes,2021 2022 2023 2024,25368,0.72,980.0,1180.0,1080.0
Mercer University,Yes,2021 2022 2023,5454,0.72,1180.0,1340.0,1260.0
University of Dayton,Yes,2021,17462,0.72,1120.0,1320.0,1220.0
Lewis & Clark College,Yes,All / Permanent Policy,5863,0.7220000000000001,1220.0,1400.0,1310.0
Hendrix College,Yes,All / Permanent Policy,1545,0.7220000000000001,1153.0,1390.0,1271.5
University of Rhode Island,Yes,2021,21259,0.723,1012.0,1345.0,1178.5
California State University--Chico,Yes (TB),2021,25908,0.723,990.0,1180.0,1085.0
Stetson University,Yes,All / Permanent Policy,13005,0.7240000000000001,1110.0,1300.0,1205.0
Quinnipiac University,Yes,All / Permanent Policy,22753,0.725,1090.0,1260.0,1175.0
Duquesne University,Yes,All / Permanent Policy,7411,0.725,1130.0,1300.0,1215.0
University of Illinois—​Chicago,Yes,2021,22696,0.7270000000000001,1030.0,1260.0,1145.0
University of Akron,Yes,2021,14553,0.73,990.0,1230.0,1110.0
St. John's University (NY),Yes,All / Permanent Policy,27276,0.731,1070.0,1270.0,1170.0
University of Cincinnati,Yes,2021 2022,23296,0.731,1160.0,1370.0,1265.0
Simmons University,Yes,2021,2933,0.731,1110.0,1290.0,1200.0
Wayne State University,Yes,2021,15716,0.731,1010.0,1230.0,1120.0
Butler University,Yes,All / Permanent Policy,14891,0.7320000000000001,1150.0,1330.0,1240.0
Point Loma Nazarene University,Yes,2021,3277,0.737,1140.0,1310.0,1225.0
University of North Texas,Yes*,2021,21540,0.737,1060.0,1250.0,1155.0
University of North Georgia,Yes,2021,6498,0.737,1108.0,1273.0,1190.5
Xavier University,Yes,All / Permanent Policy,15100,0.738,1070.0,1250.0,1160.0
Wheaton College (MA),Yes,All / Permanent Policy,3460,0.7390000000000001,1150.0,1340.0,1245.0
Eastern Michigan,Yes*,2021,14323,0.741,970.0,1190.0,1080.0
University of Washington--Bothell,Yes,2021,4242,0.741,1038.0,1250.0,1144.0
Adelphi University,Yes,2021,13006,0.742,1080.0,1270.0,1175.0
Baldwin Wallace University,Yes,All / Permanent Policy,3926,0.742,1030.0,1250.0,1140.0
Michigan Technological University,Yes,2021,5978,0.743,1170.0,1370.0,1270.0
Drexel University,Yes,2021,31824,0.747,1190.0,1390.0,1290.0
University of Redlands,Yes,All / Permanent Policy,4713,0.75,1100.0,1250.0,1175.0
Loyola University New Orleans,Yes (TB),All / Permanent Policy,5857,0.75,1050.0,1260.0,1155.0
California State University--Monterey Bay,Yes (TB),2021,12327,0.753,960.0,1170.0,1065.0
Whittier College,Yes*,All / Permanent Policy,6220,0.7590000000000001,1030.0,1213.0,1121.5
Kalamazoo College,Yes,All / Permanent Policy,3576,0.76,1170.0,1370.0,1270.0
Towson University,Yes,2021,12678,0.763,1060.0,1220.0,1140.0
Centre College,Yes,2021 2022 2023,2212,0.7640000000000001,1130.0,1380.0,1255.0
University of Texas San Antonio,Yes,2021,17122,0.766,1030.0,1220.0,1125.0
James Madison University,Yes,All / Permanent Policy,23578,0.768,1120.0,1290.0,1205.0
Appalachian State University,Yes,2021,16664,0.768,1100.0,1270.0,1185.0
Indiana University—​Bloomington,Yes,All / Permanent Policy,44169,0.7690000000000001,1150.0,1360.0,1255.0
High Point University,Yes,All / Permanent Policy,10098,0.7690000000000001,1090.0,1250.0,1170.0
Virginia Commonwealth University,Yes*,All / Permanent Policy,18622,0.7709999999999999,1070.0,1260.0,1165.0
University of Arkansas—​Fayetteville,Yes*,2021,17913,0.7709999999999999,1120.0,1300.0,1210.0
John Brown University,Yes,2021,1094,0.7709999999999999,1060.0,1365.0,1212.5
University of Idaho,Yes,2021,8071,0.778,1010.0,1240.0,1125.0
University of Missouri,Yes,2021,18948,0.778,1090.0,1290.0,1190.0
Willamette University,Yes,All / Permanent Policy,3972,0.779,1140.0,1340.0,1240.0
University of Nebraska—​Lincoln,Yes*,All / Permanent Policy,16829,0.782,1120.0,1360.0,1240.0
Carroll College,Yes*,All / Permanent Policy,2709,0.783,1070.0,1270.0,1170.0
College of Charleston,Yes,2021,11783,0.783,1080.0,1260.0,1170.0
University of Colorado—​Boulder,Yes,2021,40740,0.784,1140.0,1350.0,1245.0
Elon University,Yes,2021 2022 2023,10500,0.784,1160.0,1320.0,1240.0
Seattle University,Yes,All / Permanent Policy,7968,0.785,1160.0,1330.0,1245.0
University of Texas—​Dallas,Yes,2021,14327,0.7859999999999999,1240.0,1460.0,1350.0
East Carolina,Yes,2021,19234,0.787,1030.0,1190.0,1110.0
University of Tennessee,Yes,2021,21764,0.788,1150.0,1330.0,1240.0
University of Texas Arlington,Yes,2021,12335,0.795,1060.0,1260.0,1160.0
Pacific Lutheran University,Yes,All / Permanent Policy,3740,0.798,1070.0,1270.0,1170.0
Western Michigan,Yes,2021,17698,0.799,1000.0,1210.0,1105.0
Loyola University Maryland,Yes,All / Permanent Policy,10077,0.802,1143.0,1320.0,1231.5
Miami University—​Oxford,Yes,2021,28920,0.804,1210.0,1410.0,1310.0
Goucher College,Yes,All / Permanent Policy,3154,0.804,1040.0,1290.0,1165.0
University of Oklahoma,Yes,2021,15673,0.804,1130.0,1310.0,1220.0
Auburn University,Yes,2021,20205,0.807,1150.0,1320.0,1235.0
University of Nevada—​Las Vegas,Yes*,All / Permanent Policy,12720,0.807,1030.0,1250.0,1140.0
Boise State,Yes (TB),2021,10788,0.8079999999999999,960.0,1180.0,1070.0
St. Mary's College of California,Yes,All / Permanent Policy,6069,0.81,1070.0,1240.0,1155.0
Siena College,Yes,All / Permanent Policy,7728,0.8109999999999999,1070.0,1280.0,1175.0
University of North Dakota,Yes,2021,4964,0.8109999999999999,1010.0,1250.0,1130.0
Texas State University,Yes,2021,23583,0.8109999999999999,1010.0,1180.0,1095.0
Colorado State University,Yes,2021,28319,0.8140000000000001,1070.0,1290.0,1180.0
University of Memphis,Yes,2021,15381,0.8140000000000001,1010.0,1230.0,1120.0
West Virginia University,Yes,2021,18639,0.816,1050.0,1240.0,1145.0
University of Oregon,Yes,All / Permanent Policy,27358,0.816,1100.0,1310.0,1205.0
University of St. Thomas (MN),Yes,All / Permanent Policy,6819,0.8190000000000001,1130.0,1380.0,1255.0
St. Mary's College (IN),Yes,All / Permanent Policy,1862,0.8190000000000001,1050.0,1260.0,1155.0
Illinois State,Yes,All / Permanent Policy,16151,0.8190000000000001,1020.0,1220.0,1120.0
Ohio University,Yes,All / Permanent Policy,24179,0.821,1050.0,1260.0,1155.0
California State University--Sacramento,Yes (TB),2021,27576,0.823,940.0,1140.0,1040.0
University of North Carolina—​Greensboro,Yes,2021,9972,0.8240000000000001,1000.0,1160.0,1080.0
University of Iowa,Yes,2021,25928,0.826,1130.0,1340.0,1235.0
St. Michael's College,Yes,All / Permanent Policy,4040,0.826,1140.0,1320.0,1230.0
University of Alaska Anchorage,Yes,All / Permanent Policy,3673,0.8300000000000001,1020.0,1220.0,1120.0
Marquette University,Yes,All / Permanent Policy,15078,0.8300000000000001,1120.0,1320.0,1220.0
College of St. Benedict,Yes,All / Permanent Policy,1931,0.8340000000000001,990.0,1210.0,1100.0
Oregon State University,Yes,All / Permanent Policy,15786,0.836,1080.0,1320.0,1200.0
The Catholic University of America,Yes (TB),All / Permanent Policy,6096,0.8370000000000001,1140.0,1320.0,1230.0
University of Puget Sound,Yes,All / Permanent Policy,5182,0.838,1150.0,1370.0,1260.0
University of New Hampshire,Yes,All / Permanent Policy,18040,0.84,1070.0,1270.0,1170.0
Missouri University of Science & Technology,Yes,2021,4333,0.8420000000000001,1180.0,1380.0,1280.0
St. Mary's College of Maryland,Yes,All / Permanent Policy,1621,0.843,1060.0,1290.0,1175.0
University of Arizona,Yes,All / Permanent Policy,40854,0.846,1120.0,1350.0,1235.0
Susquehanna University,Yes,All / Permanent Policy,4863,0.848,1100.0,1290.0,1195.0
Arizona State University—​Tempe,Yes*,All / Permanent Policy,26869,0.848,1130.0,1360.0,1245.0
Wheaton College (IL),Yes,2021,1889,0.848,1220.0,1440.0,1330.0
Northern Arizona,Yes,All / Permanent Policy,36855,0.85,1030.0,1230.0,1130.0
Washington and Jefferson College,Yes,All / Permanent Policy,2722,0.8520000000000001,1090.0,1280.0,1185.0
Kent State,Yes,All / Permanent Policy,16308,0.855,1040.0,1230.0,1135.0
Mills College,Yes,All / Permanent Policy,1003,0.855,1008.0,1240.0,1124.0
Hope College,Yes,2021,3748,0.8570000000000001,1130.0,1330.0,1230.0
Valparaiso University,Yes,2021 2022,5491,0.858,1070.0,1290.0,1180.0
George Mason University,Yes,All / Permanent Policy,19554,0.867,1110.0,1320.0,1215.0
Old Dominion,Yes,All / Permanent Policy,13335,0.87,990.0,1200.0,1095.0
Missouri State,Yes*,2021,7581,0.8790000000000001,1040.0,1240.0,1140.0
University of Wisconsin Milwaukee,Yes,2021,8280,0.885,1000.0,1398.0,1199.0
Transylvania University,Yes,All / Permanent Policy,1702,0.887,1100.0,1310.0,1205.0
University of Maine,Yes,2021 2022,13118,0.902,1050.0,1260.0,1155.0
Humboldt State University,Yes (TB),2021,16335,0.909,980.0,1190.0,1085.0
Utah State,Yes,2021,15276,0.91,1050.0,1310.0,1180.0
Iowa State University,Yes,2021,18246,0.9209999999999999,1100.0,1340.0,1220.0
Washington College,Yes,All / Permanent Policy,2225,0.924,1090.0,1300.0,1195.0
University of Montana,Yes,2021,6182,0.9259999999999999,1060.0,1270.0,1165.0
Samford University,Yes,2021,3912,0.929,1070.0,1250.0,1160.0
University of Kentucky,Yes,2021,19324,0.9450000000000001,1080.0,1300.0,1190.0
University of Toledo,Yes,All / Permanent Policy,10228,0.951,1000.0,1240.0,1120.0
Portland State,Yes,All / Permanent Policy,7821,0.961,1010.0,1230.0,1120.0
Queens University of Charlotte,Yes,All / Permanent Policy,2319,0.9620000000000001,1040.0,1240.0,1140.0
Western Kentucky,Yes*,All / Permanent Policy,8245,0.973,990.0,1220.0,1105.0
United States Naval Academy,No,,16332,0.083,1240.0,1520.0,1380.0
United States Military Academy,No,,11675,0.10300000000000001,1160.0,1380.0,1270.0
United States Air Force Academy,No,,10354,0.111,1230.0,1440.0,1335.0
United States Coast Guard Academy,No,,2274,0.128,1245.0,1420.0,1332.5
United States Merchant Maritime Academy,No,,1693,0.24800000000000003,1200.0,1340.0,1270.0
Howard University,No,,20946,0.316,1140.0,1285.0,1212.5
Florida State University,No,,58936,0.36,1200.0,1340.0,1270.0
Hillsdale College,No,,2208,0.36,1275.0,1465.0,1370.0
University of Central Florida,No,,35240,0.38200000000000006,1160.0,1340.0,1250.0
University of Florida,No,,38905,0.38799999999999996,1280.0,1440.0,1360.0
University of South Florida,No,,36986,0.47700000000000004,1170.0,1330.0,1250.0
Gallaudet University,No,,496,0.5710000000000001,793.0,1078.0,935.5
Florida International,No,,18492,0.5750000000000001,1240.0,1300.0,1270.0
Morehouse College,No,,3554,0.579,1010.0,1210.0,1110.0
University of Alabama,No,,37302,0.5910000000000001,1060.0,1280.0,1170.0
Florida Institute of Technology,No,,9743,0.657,1150.0,1360.0,1255.0
Louisiana State University—​Baton Rouge,No,,24501,0.746,1080.0,1310.0,1195.0
The Citadel,No,,2742,0.747,1050.0,1230.0,1140.0
New College of Florida,No,,1340,0.768,1220.0,1420.0,1320.0
Thomas Aquinas College,No,,211,0.777,1220.0,1400.0,1310.0
University of Texas Rio Grande Valley,No,,10680,0.798,950.0,1130.0,1040.0
University of South Dakota,No,,4434,0.8640000000000001,990.0,1180.0,1085.0
University of Mississippi,No,,15371,0.881,1050.0,1270.0,1160.0
University of Wyoming,No,,5348,0.96,1060.0,1280.0,1170.0
University of Texas El Paso,No,,7157,0.9990000000000001,820.0,1050.0,935.0
